{"batch loss": 1.308900237083435, "_timestamp": 1702523447.396112, "_runtime": 6.940685987472534, "_step": 2, "val acc": 29.78723404255319, "max val acc": 29.78723404255319, "_wandb": {"runtime": 6}}