{"batch loss": 1.081109642982483, "_timestamp": 1702523462.424656, "_runtime": 6.140136003494263, "_step": 2, "val acc": 57.4468085106383, "max val acc": 57.4468085106383, "_wandb": {"runtime": 5}}