{"batch loss": 0.03650011494755745, "_timestamp": 1702610383.462807, "_runtime": 622.4128930568695, "_step": 707, "val loss": 1.7267141342163086, "val acc": 55.319148936170215, "max val acc": 65.95744680851064, "_wandb": {"runtime": 225}}