{"batch loss": 1.1064350605010986, "_timestamp": 1702526264.084446, "_runtime": 102.71329283714294, "_step": 10, "val acc": 53.191489361702125, "max val acc": 57.4468085106383, "_wandb": {"runtime": 34}}