{"batch loss": 1.3256523609161377, "_timestamp": 1702522438.6629262, "_runtime": 20.054282188415527, "_step": 1, "val acc": 12.76595744680851, "_wandb": {"runtime": 19}}