{"batch loss": 1.536638617515564, "_timestamp": 1702526127.054653, "_runtime": 100.53306293487549, "_step": 12, "val acc": 27.659574468085108, "max val acc": 34.04255319148936, "_wandb": {"runtime": 100}}