{"batch loss": 0.991977334022522, "_timestamp": 1702524676.678091, "_runtime": 24.714586973190308, "_step": 2, "val acc": 29.78723404255319, "max val acc": 29.78723404255319, "_wandb": {"runtime": 6}}