{"batch loss": 0.06374799460172653, "_timestamp": 1702523234.691215, "_runtime": 740.9307250976562, "_step": 999, "val acc": 55.319148936170215, "_wandb": {"runtime": 740}}