{"batch loss": 1.0888115167617798, "_timestamp": 1702526151.736078, "_runtime": 16.123176097869873, "_step": 14, "val acc": 57.4468085106383, "max val acc": 57.4468085106383, "_wandb": {"runtime": 15}}