{"batch loss": 0.00032262696186080575, "_timestamp": 1702529136.829521, "_runtime": 2311.6754269599915, "_step": 510, "val acc": 63.829787234042556, "max val acc": 68.08510638297872, "_wandb": {"runtime": 2249}}