{"batch loss": 0.09336141496896744, "_timestamp": 1702524538.6166751, "_runtime": 691.0535991191864, "_step": 157, "val acc": 57.4468085106383, "max val acc": 65.95744680851064}