{"batch loss": 1.3357056379318237, "_timestamp": 1702523479.387028, "_runtime": 8.195754051208496, "_step": 2, "val acc": 57.4468085106383, "max val acc": 57.4468085106383, "_wandb": {"runtime": 7}}