{"batch loss": 0.7385680079460144, "_timestamp": 1702523837.018286, "_runtime": 282.06766510009766, "_step": 449, "val acc": 55.319148936170215, "max val acc": 59.57446808510638, "_wandb": {"runtime": 281}}