{"batch loss": 0.9894702434539795, "_timestamp": 1702523374.578892, "_runtime": 129.5990400314331, "_step": 11, "val acc": 57.4468085106383, "_wandb": {"runtime": 42}}