{"batch loss": 1.180435061454773, "_timestamp": 1702524641.410155, "_runtime": 10.69954800605774, "_step": 2, "val acc": 57.4468085106383, "max val acc": 57.4468085106383, "_wandb": {"runtime": 10}}