{"batch loss": 1.3099478483200073, "_timestamp": 1702526471.182127, "_runtime": 161.01577591896057, "_step": 19, "val acc": 25.53191489361702, "max val acc": 46.808510638297875, "_wandb": {"runtime": 148}}