{"batch loss": 1.0259170532226562, "_timestamp": 1702526815.504491, "_runtime": 308.3257441520691, "_step": 503, "val acc": 34.04255319148936, "max val acc": 57.4468085106383, "_wandb": {"runtime": 307}}